{
  "split_mode": "chronological",
  "n_folds": 2,
  "folds": [
    {
      "fold_name": "train_day1_test_day2",
      "best_result": {
        "model_name": "logistic_regression",
        "best_params": {
          "clf__C": 0.1,
          "clf__l1_ratio": 0.1
        },
        "selected_threshold": 0.4,
        "validation_metrics": {
          "auc": 1.0,
          "accuracy": 0.9988095238095237,
          "balanced_accuracy": 0.9979166666666666,
          "f1": 0.9978947368421054,
          "precision": 1.0,
          "recall": 0.9958333333333332
        },
        "test_metrics": {
          "accuracy": 0.9853333333333333,
          "auc": 0.9983410493827161,
          "balanced_accuracy": 0.98125,
          "f1": 0.9886246122026887,
          "precision": 0.9815195071868583,
          "recall": 0.9958333333333333,
          "confusion_matrix": [
            [
              261,
              9
            ],
            [
              2,
              478
            ]
          ],
          "fpr": [
            0.0,
            0.0,
            0.0,
            0.003703703703703704,
            0.003703703703703704,
            0.007407407407407408,
            0.007407407407407408,
            0.011111111111111112,
            0.011111111111111112,
            0.014814814814814815,
            0.014814814814814815,
            0.018518518518518517,
            0.018518518518518517,
            0.022222222222222223,
            0.022222222222222223,
            0.025925925925925925,
            0.025925925925925925,
            0.02962962962962963,
            0.02962962962962963,
            0.03333333333333333,
            0.03333333333333333,
            0.040740740740740744,
            0.044444444444444446,
            0.044444444444444446,
            0.05185185185185185,
            0.06296296296296296,
            0.09259259259259259,
            0.09259259259259259,
            0.12962962962962962,
            0.13333333333333333,
            0.15555555555555556,
            0.15925925925925927,
            0.17407407407407408,
            0.1814814814814815,
            0.1962962962962963,
            0.2,
            0.2074074074074074,
            0.21481481481481482,
            0.24444444444444444,
            0.24814814814814815,
            0.27037037037037037,
            0.2740740740740741,
            0.3037037037037037,
            0.3074074074074074,
            0.3148148148148148,
            0.31851851851851853,
            0.35555555555555557,
            0.3592592592592593,
            0.36666666666666664,
            0.37777777777777777,
            0.4,
            0.40370370370370373,
            0.42592592592592593,
            0.42962962962962964,
            0.43703703703703706,
            0.4444444444444444,
            0.45185185185185184,
            0.45925925925925926,
            0.4666666666666667,
            0.4740740740740741,
            0.5111111111111111,
            0.5148148148148148,
            0.5222222222222223,
            0.5296296296296297,
            0.5666666666666667,
            0.5740740740740741,
            0.6333333333333333,
            0.6370370370370371,
            0.6888888888888889,
            0.6925925925925925,
            0.7148148148148148,
            0.7222222222222222,
            0.7444444444444445,
            0.7481481481481481,
            0.7777777777777778,
            0.7814814814814814,
            0.7962962962962963,
            0.8,
            0.8074074074074075,
            0.8111111111111111,
            0.8333333333333334,
            0.837037037037037,
            0.8518518518518519,
            0.8555555555555555,
            0.8629629629629629,
            0.8666666666666667,
            0.8962962962962963,
            0.9,
            0.9148148148148149,
            0.9222222222222223,
            0.937037037037037,
            0.9444444444444444,
            0.9740740740740741,
            0.9777777777777777,
            0.9851851851851852,
            0.9888888888888889,
            0.9962962962962963,
            1.0
          ],
          "tpr": [
            0.0,
            0.0020833333333333333,
            0.91875,
            0.91875,
            0.9333333333333333,
            0.9333333333333333,
            0.9375,
            0.9375,
            0.9458333333333333,
            0.9458333333333333,
            0.95,
            0.95,
            0.9666666666666667,
            0.9666666666666667,
            0.9729166666666667,
            0.9729166666666667,
            0.9791666666666666,
            0.9791666666666666,
            0.9875,
            0.9875,
            0.9958333333333333,
            0.9958333333333333,
            0.9958333333333333,
            0.9979166666666667,
            0.9979166666666667,
            0.9979166666666667,
            0.9979166666666667,
            1.0,
            1.0,
            1.0,
            1.0,
            1.0,
            1.0,
            1.0,
            1.0,
            1.0,
            1.0,
            1.0,
            1.0,
            1.0,
            1.0,
            1.0,
            1.0,
            1.0,
            1.0,
            1.0,
            1.0,
            1.0,
            1.0,
            1.0,
            1.0,
            1.0,
            1.0,
            1.0,
            1.0,
            1.0,
            1.0,
            1.0,
            1.0,
            1.0,
            1.0,
            1.0,
            1.0,
            1.0,
            1.0,
            1.0,
            1.0,
            1.0,
            1.0,
            1.0,
            1.0,
            1.0,
            1.0,
            1.0,
            1.0,
            1.0,
            1.0,
            1.0,
            1.0,
            1.0,
            1.0,
            1.0,
            1.0,
            1.0,
            1.0,
            1.0,
            1.0,
            1.0,
            1.0,
            1.0,
            1.0,
            1.0,
            1.0,
            1.0,
            1.0,
            1.0,
            1.0,
            1.0
          ]
        }
      }
    },
    {
      "fold_name": "train_day1_day2_test_day3",
      "best_result": {
        "model_name": "logistic_regression",
        "best_params": {
          "clf__C": 0.1,
          "clf__l1_ratio": 0.1
        },
        "selected_threshold": 0.45,
        "validation_metrics": {
          "auc": 1.0,
          "accuracy": 1.0,
          "balanced_accuracy": 1.0,
          "f1": 1.0,
          "precision": 1.0,
          "recall": 1.0
        },
        "test_metrics": {
          "accuracy": 1.0,
          "auc": 1.0,
          "balanced_accuracy": 1.0,
          "f1": 1.0,
          "precision": 1.0,
          "recall": 1.0,
          "confusion_matrix": [
            [
              720,
              0
            ],
            [
              0,
              288
            ]
          ],