{
  "split_mode": "leave_one_day_out",
  "n_folds": 3,
  "folds": [
    {
      "fold_name": "holdout_day1",
      "best_result": {
        "model_name": "logistic_regression",
        "best_params": {
          "clf__C": 0.1,
          "clf__l1_ratio": 0.1
        },
        "selected_threshold": 0.45,
        "validation_metrics": {
          "auc": 1.0,
          "accuracy": 1.0,
          "balanced_accuracy": 1.0,
          "f1": 1.0,
          "precision": 1.0,
          "recall": 1.0
        },
        "test_metrics": {
          "accuracy": 0.9880952380952381,
          "auc": 0.9999861111111111,
          "balanced_accuracy": 0.9791666666666667,
          "f1": 0.9787234042553191,
          "precision": 1.0,
          "recall": 0.9583333333333334,
          "confusion_matrix": [
            [
              600,
              0
            ],
            [
              10,
              230
            ]
          ],
          "fpr": [
            0.0,
            0.0,
            0.0,
            0.0033333333333333335,
            0.0033333333333333335,
            1.0
          ],
          "tpr": [
            0.0,
            0.004166666666666667,
            0.9958333333333333,
            0.9958333333333333,
            1.0,
            1.0
          ]
        }
      }
    },
    {
      "fold_name": "holdout_day2",
      "best_result": {
        "model_name": "logistic_regression",
        "best_params": {
          "clf__C": 1.0,
          "clf__l1_ratio": 0.1
        },
        "selected_threshold": 0.3,
        "validation_metrics": {
          "auc": 1.0,
          "accuracy": 0.9994579945799458,
          "balanced_accuracy": 0.9990476190476191,
          "f1": 0.999043062200957,
          "precision": 1.0,
          "recall": 0.9980952380952381
        },
        "test_metrics": {
          "accuracy": 0.928,
          "auc": 0.9993904320987654,
          "balanced_accuracy": 0.9,
          "f1": 0.9467455621301775,
          "precision": 0.898876404494382,
          "recall": 1.0,
          "confusion_matrix": [
            [
              216,
              54
            ],
            [
              0,
              480
            ]
          ],
          "fpr": [
            0.0,
            0.0,
            0.0,
            0.003703703703703704,
            0.003703703703703704,
            0.007407407407407408,
            0.007407407407407408,
            0.011111111111111112,
            0.011111111111111112,
            0.014814814814814815,
            0.014814814814814815,
            0.018518518518518517,
            0.025925925925925925,
            0.03333333333333333,
            0.040740740740740744,
            0.040740740740740744,
            0.04814814814814815,
            0.10740740740740741,
            0.11851851851851852,
            0.1259259259259259,
            0.12962962962962962,
            0.15925925925925927,
            0.16296296296296298,
            0.2,
            0.2074074074074074,
            0.2222222222222222,
            0.22962962962962963,
            0.2518518518518518,
            0.25555555555555554,
            0.337037037037037,
            0.34074074074074073,
            0.34814814814814815,
            0.35185185185185186,
            0.4111111111111111,
            0.4148148148148148,
            0.42962962962962964,
            0.44814814814814813,
            0.45555555555555555,
            0.45925925925925926,
            0.4888888888888889,
            0.4925925925925926,
            0.5148148148148148,
            0.5259259259259259,
            0.5333333333333333,
            0.5370370370370371,
            0.5666666666666667,
            0.5703703703703704,
            0.6518518518518519,
            0.6592592592592592,
            0.6888888888888889,
            0.6925925925925925,
            0.7,
            0.7074074074074074,
            0.7148148148148148,
            0.7185185185185186,
            0.725925925925926,
            0.7296296296296296,
            0.737037037037037,
            0.7407407407407407,
            0.7703703703703704,
            0.774074074074074,
            0.8111111111111111,
            0.8148148148148148,
            0.837037037037037,
            0.8407407407407408,
            0.8481481481481481,
            0.8592592592592593,
            0.8666666666666667,
            0.8740740740740741,
            0.9185185185185185,
            0.9222222222222223,
            0.9518518518518518,
            0.9555555555555556,
            0.9703703703703703,
            1.0
          ],
          "tpr": [
            0.0,
            0.0020833333333333333,
            0.9479166666666666,
            0.9479166666666666,
            0.95,
            0.95,
            0.975,
            0.975,
            0.9770833333333333,
            0.9770833333333333,
            0.9979166666666667,
            0.9979166666666667,
            0.9979166666666667,
            0.9979166666666667,
            0.9979166666666667,
            1.0,
            1.0,
            1.0,
            1.0,
            1.0,
            1.0,
            1.0,
            1.0,
            1.0,
            1.0,
            1.0,
            1.0,
            1.0,
            1.0,
            1.0,
            1.0,
            1.0,
            1.0,
            1.0,
            1.0,
            1.0,
            1.0,
            1.0,
            1.0,
            1.0,
            1.0,
            1.0,
            1.0,
            1.0,
            1.0,
            1.0,
            1.0,
            1.0,
            1.0,
            1.0,
            1.0,
            1.0,
            1.0,
            1.0,
            1.0,
            1.0,
            1.0,
            1.0,
            1.0,
            1.0,
            1.0,
            1.0,
            1.0,
            1.0,
            1.0,
            1.0,
            1.0,
            1.0,
            1.0,
            1.0,
            1.0,
            1.0,
            1.0,
            1.0,
            1.0
          ]
        }
      }
    },
    {
      "fold_name": "holdout_day3",
      "best_result": {
        "model_name": "logistic_regression",
        "best_params": {
          "clf__C": 0.1,
          "clf__l1_ratio": 0.1
        },
        "selected_threshold": 0.45,
        "validation_metrics": {
          "auc": 1.0,
          "accuracy": 1.0,
          "balanced_accuracy": 1.0,
          "f1": 1.0,
          "precision": 1.0,
          "recall": 1.0
        },
        "test_metrics": {
          "accuracy": 1.0,
          "auc": 1.0,
          "balanced_accuracy": 1.0,
          "f1": 1.0,
          "precision": 1.0,
          "recall": 1.0,
          "confusion_matrix": [
            [
              720,
              0
            ],
            [
              0,
              288
            ]
          ],